{"cameraMode":{"drawMode":0,"name":"Shaded","section":"Shading Mode"},"sceneLighting":false,"audioPlay":false,"sceneViewState":{"m_AlwaysRefresh":false,"showFog":true,"showSkybox":false,"showFlares":true,"showImageEffects":true,"showParticleSystems":true,"showVisualEffectGraphs":true,"m_FxEnabled":true},"in2DMode":false,"pivot":{"x":-0.5170596241950989,"y":-0.5343959331512451,"z":0.0336604118347168},"rotation":{"x":-0.003012422937899828,"y":-0.9852606058120728,"z":0.17014124989509583,"w":-0.017444849014282228},"size":2.480624198913574,"orthographic":false}