{"cameraMode":{"drawMode":0,"name":"Shaded","section":"Shading Mode"},"sceneLighting":false,"audioPlay":false,"sceneViewState":{"m_AlwaysRefresh":false,"showFog":true,"showSkybox":false,"showFlares":true,"showImageEffects":true,"showParticleSystems":true,"showVisualEffectGraphs":true,"m_FxEnabled":true},"in2DMode":false,"pivot":{"x":0.16300450265407563,"y":3.694936752319336,"z":56.35533905029297},"rotation":{"x":0.005315812770277262,"y":-0.9854229688644409,"z":0.16712641716003419,"w":0.03134309500455856},"size":1.7699776887893677,"orthographic":false}