{"cameraMode":{"drawMode":0,"name":"Shaded","section":"Shading Mode"},"sceneLighting":false,"audioPlay":false,"sceneViewState":{"m_AlwaysRefresh":false,"showFog":true,"showSkybox":false,"showFlares":true,"showImageEffects":true,"showParticleSystems":true,"showVisualEffectGraphs":true,"m_FxEnabled":true},"in2DMode":false,"pivot":{"x":-0.01625654101371765,"y":-0.24172437191009522,"z":-0.08293735980987549},"rotation":{"x":0.16591662168502809,"y":0.12243051081895828,"z":-0.020764069631695749,"w":0.9782904386520386},"size":1.0792253017425538,"orthographic":false}